[{"archive-courses-sidebar":["learnpress_widget_course_filter-3"],"sidebar_hoc_lieu":["physc_category_filter_widget-3"],"sidebar_single_hoc_lieu":["block-4","block-5","physc_cpt_latest_widget-3"],"menu_right":["block-3"]},{"learnpress_widget_course_filter":{"3":{"title":"B\u1ed9 L\u1ecdc","number_level_category":2,"class_list_courses_target":".lp-list-courses-default","show_in_rest":1,"hide_count_zero":1,"search_suggestion":1,"fields_order":"search,price,type,category,tag,author,level,course_review,btn_submit,btn_reset","fields":["price","type","category","tag"]},"_multiwidget":1},"physc_category_filter_widget":{"3":{"title":"Lo\u1ea1i T\u00e0i Li\u1ec7u","taxonomy":"danh_muc_hoc_lieu"},"_multiwidget":1},"block":{"4":{"content":"<!-- wp:heading {\"level\":3,\"className\":\"parent-block-mb-0\"} -->\n<h3 class=\"wp-block-heading parent-block-mb-0\">Lo\u1ea1i t\u00e0i li\u1ec7u<\/h3>\n<!-- \/wp:heading -->"},"5":{"content":"<!-- wp:categories {\"taxonomy\":\"danh_muc_hoc_lieu\",\"showPostCounts\":true} \/-->"},"3":{"content":"<!-- wp:shortcode -->\n[thim_ekit id=\"1822\"]\n<!-- \/wp:shortcode -->"},"_multiwidget":1},"physc_cpt_latest_widget":{"3":{"title":"T\u00e0i li\u1ec7u li\u00ean quan","post_type":"hoc_lieu","count":4},"_multiwidget":1}}]