{"translation-revision-date":"2025-09-08 04:37+0000","generator":"Loco https:\/\/localise.biz\/","source":"build\/frontend.js","domain":"learnpress-upsell","locale_data":{"learnpress-upsell":{"":{"domain":"","lang":"vi","plural-forms":"nplurals=1; plural=0;"},"Packages":["G\u00f3i"],"Coupons":["Phi\u1ebfu"],"Please enter coupon code":["Xin vui l\u00f2ng nh\u1eadp m\u00e3 phi\u1ebfu"],"Limit per coupon must be greater than limit per user":["Gi\u1edbi h\u1ea1n m\u1ed7i phi\u1ebfu ph\u1ea3i l\u1edbn h\u01a1n gi\u1edbi h\u1ea1n cho m\u1ed7i ng\u01b0\u1eddi"],"Add new coupon":["Th\u00eam m\u1edbi phi\u1ebfu gi\u1ea3m gi\u00e1"],"Save":["Ti\u1ebft ki\u1ec7m"],"Close":["\u0110\u00f3ng"],"Published":["Xu\u1ea5t b\u1ea3n"],"Draft":["B\u1ea3n nh\u00e1p"],"Pending":["Ch\u1edd"],"Trash":["Th\u00f9ng r\u00e1c"],"Percentage discount":["T\u1ef7 l\u1ec7 gi\u1ea3m gi\u00e1"],"Fixed discount":["Gi\u1ea3m gi\u00e1 c\u1ed1 \u0111\u1ecbnh"],"Coupon code":["M\u00e3 gi\u1ea3m gi\u00e1"],"Generate coupon code":["T\u1ea1o ra m\u00e3 phi\u1ebfu"],"Description":["M\u00f4 t\u1ea3"],"Status":["T\u00ecnh tr\u1ea1ng"],"Publish Date":["Ng\u00e0y Xu\u1ea5t B\u1ea3n"],"Cancel":["H\u1ee7y"],"Immediately":["Ngay l\u1eadp t\u1ee9c"],"General":["T\u1ed5ng"],"Discount type":["Lo\u1ea1i Gi\u1ea3m gi\u00e1"],"Discount start date":["Gi\u1ea3m gi\u00e1 ng\u00e0y b\u1eaft \u0111\u1ea7u"],"Amount":["S\u1ed1 ti\u1ec1n"],"Discount end date":["Gi\u1ea3m gi\u00e1 ng\u00e0y k\u1ebft th\u00fac"],"Limit":["Gi\u1edbi h\u1ea1n"],"Usage limit per coupon":["H\u1ea1n s\u1eed d\u1ee5ng m\u1ed7i phi\u1ebfu"],"How many times can this coupon be used in total.":["Bao nhi\u00eau l\u1ea7n n\u00e0y c\u00f3 th\u1ec3 phi\u1ebfu \u0111\u01b0\u1ee3c s\u1eed d\u1ee5ng trong t\u1ed5ng s\u1ed1."],"Usage limit per user":["Gi\u1edbi h\u1ea1n s\u1eed d\u1ee5ng cho m\u1ed7i ng\u01b0\u1eddi d\u00f9ng"],"How many times can this coupon be used per user.":["Bao nhi\u00eau l\u1ea7n n\u00e0y c\u00f3 th\u1ec3 phi\u1ebfu \u0111\u01b0\u1ee3c s\u1eed d\u1ee5ng m\u1ed7i ng\u01b0\u1eddi d\u00f9ng."],"Usage restriction":["H\u1ea1n ch\u1ebf s\u1eed d\u1ee5ng"],"Include packages":["Bao g\u1ed3m g\u00f3i"],"Search package\u2026":["G\u00f3i t\u00ecm ki\u1ebfm..."],"Packages will be applied to the cart when the coupon is applied. Leave blank to apply to all packages.":["G\u00f3i s\u1ebd \u0111\u01b0\u1ee3c \u00e1p d\u1ee5ng cho c\u00e1c gi\u1ecf khi phi\u1ebfu \u0111\u01b0\u1ee3c \u00e1p d\u1ee5ng. \u0110\u1ec3 tr\u1ed1ng \u0111\u1ec3 \u00e1p d\u1ee5ng cho t\u1ea5t c\u1ea3 g\u00f3i."],"Exclude packages":["Lo\u1ea1i tr\u1eeb g\u00f3i"],"Packages that the coupon will not apply to when added to the cart.":["G\u00f3i m\u00e0 phi\u1ebfu s\u1ebd kh\u00f4ng \u00e1p d\u1ee5ng \u0111\u1ebfn khi th\u00eam v\u00e0o gi\u1ecf."],"Include courses":["Bao g\u1ed3m c\u00e1c kh\u00f3a h\u1ecdc"],"Search course\u2026":["T\u00ecm ki\u1ebfm kho\u00e1 h\u1ecdc..."],"Courses will be applied to the cart when the coupon is applied. Leave blank to apply to all courses.":["C\u00e1c kh\u00f3a h\u1ecdc s\u1ebd \u0111\u01b0\u1ee3c \u00e1p d\u1ee5ng cho c\u00e1c gi\u1ecf khi phi\u1ebfu \u0111\u01b0\u1ee3c \u00e1p d\u1ee5ng. \u0110\u1ec3 tr\u1ed1ng \u0111\u1ec3 \u00e1p d\u1ee5ng cho t\u1ea5t c\u1ea3 c\u00e1c kh\u00f3a h\u1ecdc."],"Exclude courses":["Lo\u1ea1i tr\u1eeb c\u00e1c kh\u00f3a h\u1ecdc"],"Courses that the coupon will not apply to when added to the cart.":["C\u00e1c kh\u00f3a h\u1ecdc kh\u00f4ng \u00e1p d\u1ee5ng phi\u1ebfu gi\u1ea3m gi\u00e1 khi th\u00eam v\u00e0o gi\u1ecf h\u00e0ng."],"Include course categories":["Bao g\u1ed3m danh s\u00e1ch kho\u00e1 h\u1ecdc"],"Search course category\u2026":["T\u00ecm ki\u1ebfm danh m\u1ee5c kh\u00f3a h\u1ecdc..."],"Course categories will be applied to the cart when the coupon is applied. Leave blank to apply to all course categories.":["Danh m\u1ee5c kh\u00f3a h\u1ecdc s\u1ebd \u0111\u01b0\u1ee3c \u00e1p d\u1ee5ng v\u00e0o gi\u1ecf h\u00e0ng khi \u00e1p d\u1ee5ng m\u00e3 gi\u1ea3m gi\u00e1. \u0110\u1ec3 tr\u1ed1ng \u0111\u1ec3 \u00e1p d\u1ee5ng cho t\u1ea5t c\u1ea3 danh m\u1ee5c kh\u00f3a h\u1ecdc."],"Exclude course categories":["Lo\u1ea1i tr\u1eeb danh m\u1ee5c kho\u00e1 h\u1ecdc"],"Course categories that the coupon will not apply to when added to the cart.":["C\u00e1c lo\u1ea1i kh\u00f3a h\u1ecdc m\u00e0 phi\u1ebfu gi\u1ea3m gi\u00e1 s\u1ebd kh\u00f4ng \u00e1p d\u1ee5ng khi th\u00eam v\u00e0o gi\u1ecf h\u00e0ng."],"Allowed emails":["Cho ph\u00e9p emails"],"Edit Coupon":["Ch\u1ec9nh S\u1eeda Phi\u1ebfu"],"Something went wrong":["C\u00f3 l\u1ed7i x\u1ea3y ra"],"Add new":["Th\u00eam m\u1edbi"],"Feature only apply for payment via LearnPress":["Ch\u1ec9 \u00e1p d\u1ee5ng cho thanh to\u00e1n qua LearnPress"],"Error loading Coupons.":["L\u1ed7i n\u1ea1p Phi\u1ebfu."],"Next":["Ti\u1ebfp theo"],"Prev":["Tr\u01b0\u1edbc"],"Scheduled":["Theo l\u1ecbch tr\u00ecnh,"],"Private":["Ri\u00eang t\u01b0"],"Code":["M\u00e3"],"Coupon type":["Lo\u1ea1i phi\u1ebfu"],"Coupon amount":["S\u1ed1 ti\u1ec1n gi\u1ea3m gi\u00e1"],"Usage \/ Limit":["S\u1eed D\u1ee5ng \/ Gi\u1edbi H\u1ea1n"],"Expiry date":["Ng\u00e0y h\u1ebft h\u1ea1n"],"No coupons found.":["Kh\u00f4ng t\u00ecm th\u1ea5y phi\u1ebfu."],"Never":["Kh\u00f4ng bao gi\u1edd"],"Edit":["Ch\u1ec9nh s\u1eeda"],"Delete":["X\u00f3a"],"Are you sure?":["B\u1ea1n c\u00f3 ch\u1eafc kh\u00f4ng?"],"Please select at least one course":["Vui l\u00f2ng ch\u1ecdn \u00edt nh\u1ea5t m\u1ed9t kho\u00e1 h\u1ecdc"],"Add Package":["Th\u00eam G\u00f3i"],"Error loading certificate.":["L\u1ed7i n\u1ea1p gi\u1ea5y ch\u1ee9ng nh\u1eadn."],"Remove":["B\u1ecf"],"Assign":["G\u00e1n"],"Edit Package":["Ch\u1ec9nh S\u1eeda G\u00f3i"],"Error loading Packages.":["L\u1ed7i G\u00f3i t\u1ea3i."],"Title":["Ti\u00eau \u0111\u1ec1"],"Courses":["C\u00e1c kh\u00f3a h\u1ecdc"],"Price":["Gi\u00e1"],"Set a new price":["Thi\u1ebft l\u1eadp m\u1ed9t m\u1ee9c gi\u00e1 m\u1edbi"],"Type":["Lo\u1ea1i"],"Total":["T\u1ed5ng"],"Fixed price":["Gi\u00e1 c\u1ed1 \u0111\u1ecbnh"],"Featured image":["C\u00e1c h\u00ecnh \u1ea3nh"],"Replace":["Thay th\u1ebf"],"Upload":["T\u1ea3i l\u00ean"],"Tags":["Tags"],"Manage tags":["Qu\u1ea3n l\u00fd th\u1ebb"],"Add":["Th\u00eam"],"This field is required":["Tr\u01b0\u1eddng n\u00e0y l\u00e0 c\u1ea7n thi\u1ebft"],"Tag already exists":["Th\u1ebb \u0111\u00e3 t\u1ed3n t\u1ea1i"],"Invalid tag name":["Kh\u00f4ng h\u1ee3p l\u1ec7 t\u00ean th\u1ebb"],"Author":["T\u00e1c Gi\u1ea3"],"Date modified":["Ng\u00e0y thay \u0111\u1ed5i"],"View":["Xem"],"Classic":["C\u1ed5 \u0111i\u1ec3n"]}}}